perl-Module-Signature-0.93-2.azl4~20260420.noarch.rpm;perl-Module-Signature
samba-winexe-4.23.5-1.azl4~20260420.x86_64.rpm;samba
llvm-static-21.1.8-1.azl4~20260420.aarch64.rpm;llvm
perl-Module-Signature-0.93-2.azl4~20260420.noarch.rpm;perl-Module-Signature
samba-winexe-4.23.5-1.azl4~20260420.aarch64.rpm;samba
apache-commons-compress-1.27.1-1.azl4~20260420.src.rpm;apache-commons-compress
chromium-145.0.7632.109-1.azl4~20260420.src.rpm;(unmapped)
espeak-ng-1.51.1-12.azl4~20260420.src.rpm;espeak-ng
exfatprogs-1.3.1-1.azl4~20260420.src.rpm;exfatprogs
firefox-148.0-1.azl4~20260420.src.rpm;firefox
gdal-3.11.5-1.azl4~20260420.src.rpm;gdal
kf6-karchive-6.23.0-1.azl4~20260420.src.rpm;kf6-karchive
libabigail-2.9-1.azl4~20260420.src.rpm;libabigail
libkml-1.3.0-56.azl4~20260420.src.rpm;libkml
mathjax-2.7.4-1.azl4~20260420.src.rpm;mathjax
mozjs128-128.11.0-1.azl4~20260420.src.rpm;mozjs128
perl-Module-Signature-0.93-2.azl4~20260420.src.rpm;perl-Module-Signature
perl-Test-Signature-1.11-35.azl4~20260420.src.rpm;perl-Test-Signature
python-impacket-0.12.0-1.azl4~20260420.src.rpm;python-impacket
qt6-qtwebengine-6.10.2-1.azl4~20260420.src.rpm;qt6-qtwebengine
rubygem-pdf-reader-2.4.2-10.azl4~20260420.src.rpm;rubygem-pdf-reader
star-1.6-18.azl4~20260420.src.rpm;star
stress-ng-0.20.01-1.azl4~20260420.src.rpm;stress-ng
texlive-2023-80.azl4~20260420.src.rpm;texlive
yara-4.5.4-1.azl4~20260420.src.rpm;yara
ghc-ghc-prof-9.8.4-149.azl4~20260420.x86_64.rpm;ghc
java-25-openjdk-portable-static-libs-slowdebug-25.0.0.0.32-0.1.ea.azl4~20260420.x86_64.rpm;java-25-openjdk-portable
java-25-openjdk-static-libs-slowdebug-25.0.0.0.32-0.3.ea.azl4~20260420.x86_64.rpm;java-25-openjdk
llvm20-static-20.1.8-1.azl4~20260420.x86_64.rpm;llvm20
mingw64-gettext-static-0.25.1-1.azl4~20260420.noarch.rpm;mingw-gettext
mingw64-libxml2-static-2.12.10-2.azl4~20260420.noarch.rpm;mingw-libxml2
perl-Test-Signature-1.11-35.azl4~20260420.noarch.rpm;perl-Test-Signature
python3-impacket-0.12.0-1.azl4~20260420.noarch.rpm;python-impacket
qemu-tests-10.1.4-1.azl4~20260420.x86_64.rpm;qemu
ghc-ghc-devel-9.8.4-149.azl4~20260420.aarch64.rpm;ghc
ghc-ghc-prof-9.8.4-149.azl4~20260420.aarch64.rpm;ghc
java-25-openjdk-portable-static-libs-slowdebug-25.0.0.0.32-0.1.ea.azl4~20260420.aarch64.rpm;java-25-openjdk-portable
java-25-openjdk-static-libs-slowdebug-25.0.0.0.32-0.3.ea.azl4~20260420.aarch64.rpm;java-25-openjdk
llvm20-static-20.1.8-1.azl4~20260420.aarch64.rpm;llvm20
mingw64-gettext-static-0.25.1-1.azl4~20260420.noarch.rpm;mingw-gettext
mingw64-libxml2-static-2.12.10-2.azl4~20260420.noarch.rpm;mingw-libxml2
perl-Test-Signature-1.11-35.azl4~20260420.noarch.rpm;perl-Test-Signature
python3-impacket-0.12.0-1.azl4~20260420.noarch.rpm;python-impacket
qemu-tests-10.1.4-1.azl4~20260420.aarch64.rpm;qemu
openfec-debuginfo-1.4.2.6-7.azl4~20260420.x86_64.rpm;openfec
openfec-debuginfo-1.4.2.6-7.azl4~20260420.aarch64.rpm;openfec
